NdUnfilled_min_value,MendeleevNumber_composition_average,MendeleevNumber_arithmetic_average,MeltingT_difference,NdUnfilled_arithmetic_average,BCCmagmom_min_value,NdUnfilled_composition_average,BCCenergy_pa_max_value,ElasticModulus_difference,NpUnfilled_difference,MendeleevNumber_max_value,BCCvolume_padiff_difference,HeatVaporization_max_value,ICSDVolume_min_value,IonicRadii_arithmetic_average,GSenergy_pa_min_value,BCCenergy_pa_min_value,MiracleRadius_min_value,ThermalExpansionCoefficient_difference,IonicRadii_composition_average
0,65,65,0,0,0,0,-2.71997917,0,0,65,0,250.63,17,1.15,-2.76539356,-2.71997917,144,0,1.15
3,61.5,61.5,533.07,1.5,1.6840372,1.5,-2.71997917,128,0,65,0,373.3,11.1,0.9,-2.76539356,-2.71997917,125,5.9,0.9
5,57,57,945.07,2.5,0,2.5,-2.71997917,179,0,65,0,339.5,12,0.885,-2.76539356,-2.71997917,130,14,0.885
0,64.5,64.5,122.84,0,0,0,-2.71997917,44,0,65,0,300.5,11.8,0.94,-2.76539356,-2.71997917,126,2.4,0.94
4,60,60,576.07,2,2.1106628,2,-2.71997917,131,0,65,0,349.5,11.7,0.85,-2.76539356,-2.71997917,125,7.1,0.85
5,58.5,58.5,284.07,2.5,0.8185729,2.5,-2.71997917,118,0,65,0,250.63,12.2,0.91,-2.76539356,-2.71997917,132,2.8,0.91
2,63,63,493.07,1,0.0645672,1,-2.71997917,128,0,65,0,377.5,10.8,0.92,-2.76539356,-2.71997917,126,5.5,0.92
9,38,38,579.07,4.5,0,4.5,-2.71997917,0,0,65,0,304.8,17,0.95,-2.76539356,-2.71997917,144,8.9,0.95
8,54,54,706.07,4,0,4,-2.71997917,30,0,65,0,425.2,17,0.88,-2.76539356,-2.71997917,142,10.3,0.88
7,55.5,55.5,948.07,3.5,0,3.5,-2.71997917,49,0,65,0,446.7,13.8,0.845,-2.76539356,-2.71997917,134,10.5,0.845
0,67,67,542.25,0,0,0,-2.71997917,15,0,69,0,250.63,15.1,0.945,-2.76539356,-2.71997917,140,11.3,0.945
0,73,73,0,0,0,0,-3.65018713,0,0,73,0,290.8,16.6,0.54,-3.74542312,-3.65018713,141,0,0.54
0,69,69,301.46,0,0,0,-3.65018713,9.5,5,73,0.57,290.8,16.6,0.845,-3.74542312,-3.65018713,141,4.2,0.845
0,78.5,78.5,156.53,0,0,0,-3.65018713,31.5,2,84,3.605,290.8,16.6,0.56,-3.74542312,-3.65018713,115,7.7,0.56
0,69.5,69.5,403.86,0,0,0,-3.65018713,7.8,5,73,0.41,324.43,16.6,0.695,-3.74542312,-3.65018713,141,8.9,0.695
0,79.5,79.5,389.07,0,0,0,-3.65018713,36.5,2,86,3.48,290.8,16.6,0.785,-3.74542312,-3.65018713,141,9.7,0.785
0,40,40,181.53,0,0,0,-3.65018713,49.5,5,73,1.39,290.8,16.6,0.77,-3.74542312,-3.65018713,141,0.8,0.77
0,71.5,71.5,339.25,0,0,0,-3.65018713,8.5,5,73,0.285,290.8,16.6,0.745,-3.74542312,-3.65018713,141,7.7,0.745
9,44,44,137.53,4.5,0,4.5,-3.65018713,40.5,5,73,0.81,313.8,16.6,0.84,-3.74542312,-3.65018713,141,17.9,0.84
3,65.5,65.5,834.53,1.5,1.6840372,1.5,-3.65018713,137.5,5,73,0.245,373.3,11.1,0.595,-3.74542312,-3.65018713,125,10.1,0.595
5,61,61,1246.53,2.5,0,2.5,-3.65018713,188.5,5,73,0.46,339.5,12,0.58,-3.74542312,-3.65018713,130,18.2,0.58
0,68.5,68.5,424.3,0,0,0,-3.65018713,53.5,5,73,0.43,300.5,11.8,0.635,-3.74542312,-3.65018713,126,6.6,0.635
0,54,54,836.53,0,0,0,-3.65018713,2.5,5,73,0.345,292.88,16.6,0.77,-3.74542312,-3.65018713,141,13.7,0.77
4,64,64,877.53,2,2.1106628,2,-3.65018713,140.5,5,73,0.44,349.5,11.7,0.545,-3.74542312,-3.65018713,125,11.3,0.545
0,73.5,73.5,630.56,0,0,0,-3.65018713,59.5,0,74,1.3575,290.8,16.6,0.58,-3.74542312,-3.65018713,134,3.4,0.58
0,76,76,277.93,0,0,0,-3.65018713,44.5,1,79,4.625,334.3,16.6,0.535,-3.74542312,-3.65018713,114,17.4,0.535
8,59,59,1572.53,4,0,4,-3.65018713,68.5,5,73,0.77,661.07,16.6,0.685,-3.74542312,-3.65018713,141,17.2,0.685
0,72,72,699.15,0,0,0,-3.65018713,48.5,5,73,3.347586207,290.8,16.6,0.78,-3.74542312,-3.65018713,141,25.9,0.78
0,74,74,503.72,0,0,0,-3.65018713,56.5,0,75,0.27,290.8,16.6,0.67,-3.74542312,-3.65018713,141,9,0.67
3,66.5,66.5,1805.53,1.5,0.4830855,1.5,-3.65018713,462.5,5,73,0.02,563.58,13.8,0.585,-3.74542312,-3.65018713,136,16.7,0.585
9,43,43,259.53,4.5,0.0008051,4.5,-3.65018713,20.5,5,73,0.1325,399.57,16.6,0.85,-3.74542312,-3.65018713,141,17.9,0.85
0,70.5,70.5,10.47,0,0,0,-3.65018713,26.1,5,73,0.45,290.8,16.6,0.63,-3.74542312,-3.65018713,141,1.7,0.63
5,62.5,62.5,585.53,2.5,0.8185729,2.5,-3.65018713,127.5,5,73,0.417586207,290.8,12.2,0.605,-3.74542312,-3.65018713,132,1.4,0.605
5,61.5,61.5,1962.53,2.5,0,2.5,-3.65018713,251.5,5,73,0.44,590.4,15.5,0.565,-3.74542312,-3.65018713,139,18.3,0.565
0,37.5,37.5,562.6,0,0,0,-3.65018713,65.5,5,73,0.473333333,290.8,16.6,0.78,-3.74542312,-3.65018713,141,47.9,0.78
6,60,60,1816.53,3,0,3,-3.65018713,33.5,5,73,0.44,690.1,16.6,0.59,-3.74542312,-3.65018713,141,15.8,0.59
0,46,46,360.53,0,0,0,-3.65018713,32.5,5,73,0.28,290.8,16.6,0.915,-3.74542312,-3.65018713,141,16.2,0.915
2,67,67,794.53,1,0.0645672,1,-3.65018713,137.5,5,73,0.43,377.5,10.8,0.615,-3.74542312,-3.65018713,126,9.7,0.615
4,65,65,2372.53,2,0,2,-3.65018713,479.5,5,73,0.05,627.6,13.8,0.585,-3.74542312,-3.65018713,135,18,0.585
0,78,78,616.17,0,0,0,-3.65018713,65.5,2,83,8.850238095,290.8,16.6,0.355,-3.74542312,-3.65018713,102,103.9,0.355
0,77,77,332.86,0,0,0,-3.65018713,50.5,1,81,0.63,290.8,16.6,0.865,-3.74542312,-3.65018713,141,5.7,0.865
0,67.5,67.5,894.58,0,0,0,-3.65018713,56.5,5,73,0.38,393.3,14.7,0.59,-3.74542312,-3.65018713,141,11.3,0.59
1,68,68,1107.93,0.5,0,0.5,-3.65018713,104.5,5,73,0.39,510.45,15.1,0.585,-3.74542312,-3.65018713,139,14.3,0.585
5,63.5,63.5,2525.53,2.5,0,2.5,-3.65018713,390.5,5,73,0.295,707.1,14.7,0.535,-3.74542312,-3.65018713,137,16.9,0.535
2,66,66,1303.53,1,0.3703569,1,-3.65018713,259.5,5,73,0.14,495.39,11.5,0.605,-3.74542312,-3.65018713,132,14.9,0.605
3,64.5,64.5,1673.53,1.5,5.73E-05,1.5,-3.65018713,359.5,5,73,0.04,567.77,14,0.58,-3.74542312,-3.65018713,134,16.7,0.58
0,80.5,80.5,545.11,0,0,0,-3.65018713,51.5,3,88,10.606875,290.8,16.6,0.415,-3.74542312,-3.65018713,103,46.9,0.415
0,79,79,29.69,0,0,0,-3.65018713,3.5,2,85,4.91,290.8,16.6,0.65,-3.74542312,-3.65018713,141,12.1,0.65
9,42,42,880.53,4.5,0,4.5,-3.65018713,9.5,5,73,0.475,304.8,16.6,0.645,-3.74542312,-3.65018713,141,13.1,0.645
0,81,81,439.47,0,0,0,-3.65018713,50.5,3,89,6.19,290.8,16.6,0.52,-3.74542312,-3.65018713,118,21.9,0.52
0,75.5,75.5,753.53,0,0,0,-3.65018713,91.5,1,78,6.27,359,16.6,0.4,-3.74542312,-3.65018713,110,20.5,0.4
0,76.5,76.5,428.39,0,0,0,-3.65018713,20.5,1,80,8.495,290.8,16.6,0.625,-3.74542312,-3.65018713,141,1.1,0.625
7,60.5,60.5,2356.53,3.5,0,3.5,-3.65018713,112.5,5,73,0.44,737,16.6,0.59,-3.74542312,-3.65018713,141,16.8,0.59
5,63,63,1496.53,2.5,0,2.5,-3.65018713,309.5,5,73,0.285,502,14.2,0.55,-3.74542312,-3.65018713,136,15.1,0.55
0,81.5,81.5,210.81,0,0,0,-3.65018713,30.5,3,90,6.903333333,290.8,16.6,0.755,-3.74542312,-3.65018713,140,4.3,0.755
8,58,58,1007.53,4,0,4,-3.65018713,39.5,5,73,0.29,425.2,16.6,0.575,-3.74542312,-3.65018713,141,14.5,0.575
0,74.5,74.5,356.47,0,0,0,-3.65018713,58.5,0,76,1.1,290.8,16.6,1.065,-3.74542312,-3.65018713,141,6.8,1.065
7,59.5,59.5,1249.53,3.5,0,3.5,-3.65018713,58.5,5,73,0.44,446.7,13.8,0.54,-3.74542312,-3.65018713,134,14.7,0.54
6,62,62,2761.53,3,0,3,-3.65018713,330.5,5,73,0.44,422.58,15.8,0.57,-3.74542312,-3.65018713,135,18.6,0.57
9,42.5,42.5,865.53,4.5,0,4.5,-3.65018713,6.1,5,73,0.275,393.3,16.6,0.78,-3.74542312,-3.65018713,141,11.8,0.78
0,71,71,240.79,0,0,0,-3.65018713,24.5,5,73,0.24,290.8,15.1,0.64,-3.74542312,-3.65018713,140,7.1,0.64
8,58.5,58.5,1194.53,4,0,4,-3.65018713,23.5,5,73,0.885,590.5,16.6,0.69,-3.74542312,-3.65018713,141,17.4,0.69
0,66,66,0,0,0,0,-3.18445282,0,0,66,0,324.43,16.9,0.85,-3.20969261,-3.18445282,143,0,0.85
0,65.5,65.5,102.4,0,0,0,-3.18445282,1.7,0,66,0.16,324.43,16.9,1,-3.20969261,-3.18445282,143,4.7,1
0,68,68,743.11,0,0,0,-3.18445282,16.3,0,70,0.125,324.43,16.9,0.9,-3.20969261,-3.18445282,143,16.6,0.9
5,58,58,1558.67,2.5,0,2.5,-3.18445282,243.7,0,66,0.03,590.4,15.5,0.72,-3.20969261,-3.18445282,139,9.4,0.72
6,56.5,56.5,1412.67,3,0,3,-3.18445282,25.7,0,66,0.03,690.1,16.9,0.745,-3.20969261,-3.18445282,143,6.9,0.745
0,64,64,490.72,0,0,0,-3.18445282,48.7,0,66,0.03,393.3,14.7,0.745,-3.20969261,-3.18445282,142,2.4,0.745
2,62.5,62.5,899.67,1,0.3703569,1,-3.18445282,251.7,0,66,0.27,495.39,11.5,0.76,-3.20969261,-3.18445282,132,6,0.76
3,61,61,1269.67,1.5,5.73E-05,1.5,-3.18445282,351.7,0,66,0.37,567.77,14,0.735,-3.20969261,-3.18445282,134,7.8,0.735
5,59.5,59.5,1092.67,2.5,0,2.5,-3.18445282,301.7,0,66,0.125,502,14.2,0.705,-3.20969261,-3.18445282,136,6.2,0.705
9,39,39,461.67,4.5,0,4.5,-3.18445282,13.9,0,66,0.135,393.3,16.9,0.935,-3.20969261,-3.18445282,143,2.9,0.935
8,55,55,790.67,4,0,4,-3.18445282,15.7,0,66,0.475,590.5,16.9,0.845,-3.20969261,-3.18445282,143,8.5,0.845
0,7,7,0,0,0,0,-1.92725921,0,0,7,0,154.67,44.1,1,-1.948329565,-1.92725921,201,0,1
0,36,36,119.93,0,0,0,-1.92725921,59,0,65,0,250.63,17,1.075,-1.948329565,-1.92725921,144,3.4,1.075
0,38.5,38.5,520.78,0,0,0,-1.92725921,41,0,70,0,154.67,21.5,0.975,-1.948329565,-1.92725921,157,8.5,0.975
6,27,27,1635,3,0,3,-1.92725921,83,0,47,0,690.1,18.1,0.82,-1.948329565,-1.92725921,143,15,0.82
9,9.5,9.5,684,4.5,0,4.5,-1.92725921,43.4,0,12,0,393.3,32.9,1.01,-1.948329565,-1.92725921,179,11,1.01
8,25.5,25.5,1013,4,0,4,-1.92725921,73,0,44,0,590.5,23.2,0.92,-1.948329565,-1.92725921,158,16.6,0.92
0,64,64,0,0,0,0,-3.64288728,0,0,64,0,300.5,11.8,0.73,-3.68065482,-3.64288728,126,0,0.73
0,64.5,64.5,122.84,0,0,0,-3.64288728,44,0,65,0.14,300.5,11.8,0.94,-3.68065482,-3.64288728,126,2.4,0.94
0,68.5,68.5,424.3,0,0,0,-3.64288728,53.5,0,73,0.43,300.5,11.8,0.635,-3.68065482,-3.64288728,126,6.6,0.635
0,65,65,20.44,0,0,0,-3.64288728,45.7,0,66,0.02,324.43,11.8,0.79,-3.68065482,-3.64288728,126,2.3,0.79
0,75,75,813.37,0,0,0,-3.64288728,90,0,86,3.05,300.5,11.8,0.88,-3.68065482,-3.64288728,126,3.1,0.88
0,67,67,763.55,0,0,0,-3.64288728,62,0,70,0.145,300.5,11.8,0.84,-3.68065482,-3.64288728,126,14.3,0.84
3,61,61,410.23,1.5,1.6840372,1.5,-3.64288728,84,0,64,0.185,373.3,11.1,0.69,-3.68065482,-3.64288728,125,3.5,0.69
5,56.5,56.5,822.23,2.5,0,2.5,-3.64288728,135,0,64,0.03,339.5,11.8,0.675,-3.68065482,-3.64288728,126,11.6,0.675
4,59.5,59.5,453.23,2,2.1106628,2,-3.64288728,87,0,64,0.01,349.5,11.7,0.64,-3.68065482,-3.64288728,125,4.7,0.64
0,69,69,1054.86,0,0,0,-3.64288728,113,0,74,0.9275,300.5,11.8,0.675,-3.68065482,-3.64288728,126,3.2,0.675
0,71.5,71.5,146.37,0,0,0,-3.64288728,9,0,79,4.195,334.3,11.8,0.63,-3.68065482,-3.64288728,114,10.8,0.63
8,54.5,54.5,1148.23,4,0,4,-3.64288728,15,0,64,0.34,661.07,11.8,0.78,-3.68065482,-3.64288728,126,10.6,0.78
0,67.5,67.5,1123.45,0,0,0,-3.64288728,102,0,71,2.917586207,300.5,11.8,0.875,-3.68065482,-3.64288728,126,32.5,0.875
0,69.5,69.5,928.02,0,0,0,-3.64288728,110,0,75,0.16,300.5,11.8,0.765,-3.68065482,-3.64288728,126,15.6,0.765
3,62,62,1381.23,1.5,0.4830855,1.5,-3.64288728,409,0,64,0.41,563.58,11.8,0.68,-3.68065482,-3.64288728,126,10.1,0.68
0,66,66,434.77,0,0,0,-3.64288728,79.6,0,68,0.02,300.5,11.8,0.725,-3.68065482,-3.64288728,126,8.3,0.725
5,58,58,161.23,2.5,0.8185729,2.5,-3.64288728,74,0,64,0.012413793,300.5,11.8,0.7,-3.68065482,-3.64288728,126,5.2,0.7
5,57,57,1538.23,2.5,0,2.5,-3.64288728,198,0,64,0.01,590.4,11.8,0.66,-3.68065482,-3.64288728,126,11.7,0.66
6,55.5,55.5,1392.23,3,0,3,-3.64288728,20,0,64,0.01,690.1,11.8,0.685,-3.68065482,-3.64288728,126,9.2,0.685
2,62.5,62.5,370.23,1,0.0645672,1,-3.64288728,84,0,64,0,377.5,10.8,0.71,-3.68065482,-3.64288728,126,3.1,0.71
4,60.5,60.5,1948.23,2,0,2,-3.64288728,426,0,64,0.48,627.6,11.8,0.68,-3.68065482,-3.64288728,126,11.4,0.68
0,72.5,72.5,757.16,0,0,0,-3.64288728,104,0,81,0.2,300.5,11.8,0.96,-3.68065482,-3.64288728,126,12.3,0.96
0,63,63,470.28,0,0,0,-3.64288728,3,0,64,0.05,393.3,11.8,0.685,-3.68065482,-3.64288728,126,4.7,0.685
1,63.5,63.5,683.63,0.5,0,0.5,-3.64288728,51,0,64,0.04,510.45,11.8,0.68,-3.68065482,-3.64288728,126,7.7,0.68
5,59,59,2101.23,2.5,0,2.5,-3.64288728,337,0,64,0.135,707.1,11.8,0.63,-3.68065482,-3.64288728,126,10.3,0.63
2,61.5,61.5,879.23,1,0.3703569,1,-3.64288728,206,0,64,0.29,495.39,11.5,0.7,-3.68065482,-3.64288728,126,8.3,0.7
3,60,60,1249.23,1.5,5.73E-05,1.5,-3.64288728,306,0,64,0.39,567.77,11.8,0.675,-3.68065482,-3.64288728,126,10.1,0.675
0,76,76,969.41,0,0,0,-3.64288728,105,0,88,10.176875,300.5,11.8,0.51,-3.68065482,-3.64288728,103,53.5,0.51
0,74.5,74.5,453.99,0,0,0,-3.64288728,57,0,85,4.48,300.5,11.8,0.745,-3.68065482,-3.64288728,126,5.5,0.745
9,37.5,37.5,456.23,4.5,0,4.5,-3.64288728,44,0,64,0.045,304.8,11.8,0.74,-3.68065482,-3.64288728,126,6.5,0.74
0,71,71,329.23,0,0,0,-3.64288728,38,0,78,5.84,359,11.8,0.495,-3.68065482,-3.64288728,110,13.9,0.495
0,72,72,852.69,0,0,0,-3.64288728,74,0,80,8.065,300.5,11.8,0.72,-3.68065482,-3.64288728,126,5.5,0.72
7,56,56,1932.23,3.5,0,3.5,-3.64288728,59,0,64,0.01,737,11.8,0.685,-3.68065482,-3.64288728,126,10.2,0.685
5,58.5,58.5,1072.23,2.5,0,2.5,-3.64288728,256,0,64,0.145,502,11.8,0.645,-3.68065482,-3.64288728,126,8.5,0.645
8,53.5,53.5,583.23,4,0,4,-3.64288728,14,0,64,0.14,425.2,11.8,0.67,-3.68065482,-3.64288728,126,7.9,0.67
0,70,70,780.77,0,0,0,-3.64288728,112,0,76,0.67,300.5,11.8,1.16,-3.68065482,-3.64288728,126,13.4,1.16
7,55,55,825.23,3.5,0,3.5,-3.64288728,5,0,64,0.01,446.7,11.8,0.635,-3.68065482,-3.64288728,126,8.1,0.635
6,57.5,57.5,2337.23,3,0,3,-3.64288728,277,0,64,0.01,422.58,11.8,0.665,-3.68065482,-3.64288728,126,12,0.665
0,66.5,66.5,665.09,0,0,0,-3.64288728,29,0,69,0.19,300.5,11.8,0.735,-3.68065482,-3.64288728,126,13.7,0.735
8,54,54,770.23,4,0,4,-3.64288728,30,0,64,0.455,590.5,11.8,0.785,-3.68065482,-3.64288728,126,10.8,0.785
4,55,55,0,4,2.1106628,4,-8.28548436,0,0,55,0,349.5,11.7,0.55,-8.28548436,-8.28548436,125,0,0.55
0,64,64,877.53,2,0,2,-8.28548436,140.5,0,73,0,349.5,11.7,0.545,-8.28548436,-8.28548436,125,11.3,0.545
0,69.5,69.5,721,2,0,2,-8.28548436,172,0,84,0,349.5,11.7,0.565,-8.28548436,-8.28548436,115,3.6,0.565
0,70.5,70.5,1266.6,2,0,2,-8.28548436,177,0,86,0,349.5,11.7,0.79,-8.28548436,-8.28548436,125,1.6,0.79
3,56.5,56.5,43,3.5,1.6840372,3.5,-8.28548436,3,0,58,0,373.3,11.1,0.6,-8.28548436,-8.28548436,125,1.2,0.6
4,52,52,369,4.5,0,4.5,-8.28548436,48,0,55,0,349.5,11.7,0.585,-8.28548436,-8.28548436,125,6.9,0.585
0,64.5,64.5,1508.09,2,0,2,-8.28548436,200,0,74,0,349.5,11.7,0.585,-8.28548436,-8.28548436,125,7.9,0.585
0,67,67,599.6,2,0,2,-8.28548436,96,0,79,0,349.5,11.7,0.54,-8.28548436,-8.28548436,114,6.1,0.54
3,57.5,57.5,928,3.5,0.4830855,3.5,-8.28548436,322,0,60,0,563.58,11.7,0.59,-8.28548436,-8.28548436,125,5.4,0.59
4,52.5,52.5,1085,4.5,0,4.5,-8.28548436,111,0,55,0,590.4,11.7,0.57,-8.28548436,-8.28548436,125,7,0.57
4,51,51,939,5,0,5,-8.28548436,107,0,55,0,690.1,11.7,0.595,-8.28548436,-8.28548436,125,4.5,0.595
2,58,58,83,3,0.0645672,3,-8.28548436,3,0,61,0,377.5,10.8,0.62,-8.28548436,-8.28548436,125,1.6,0.62
0,69,69,1493.7,2,0,2,-8.28548436,206,0,83,0,349.5,11.7,0.36,-8.28548436,-8.28548436,102,115.2,0.36
0,68,68,1210.39,2,0,2,-8.28548436,191,0,81,0,349.5,11.7,0.87,-8.28548436,-8.28548436,125,17,0.87
2,57,57,426,3,0.3703569,3,-8.28548436,119,0,59,0,495.39,11.5,0.61,-8.28548436,-8.28548436,125,3.6,0.61
3,55.5,55.5,796,3.5,5.73E-05,3.5,-8.28548436,219,0,56,0,567.77,11.7,0.585,-8.28548436,-8.28548436,125,5.4,0.585
0,70,70,907.22,2,0,2,-8.28548436,144,0,85,0,349.5,11.7,0.655,-8.28548436,-8.28548436,125,0.8,0.655
0,66.5,66.5,124,2,0,2,-8.28548436,49,0,78,0,359,11.7,0.405,-8.28548436,-8.28548436,110,9.2,0.405
0,67.5,67.5,1305.92,2,0,2,-8.28548436,161,0,80,0,349.5,11.7,0.63,-8.28548436,-8.28548436,125,10.2,0.63
4,54,54,619,4.5,0,4.5,-8.28548436,169,0,55,0,502,11.7,0.555,-8.28548436,-8.28548436,125,3.8,0.555
4,49,49,130,6,0,6,-8.28548436,101,0,55,0,425.2,11.7,0.58,-8.28548436,-8.28548436,125,3.2,0.58
4,50.5,50.5,372,5.5,0,5.5,-8.28548436,82,0,55,0,446.7,11.7,0.545,-8.28548436,-8.28548436,125,3.4,0.545
4,53,53,1884,5,0,5,-8.28548436,190,0,55,0,422.58,11.7,0.575,-8.28548436,-8.28548436,125,7.3,0.575
0,62,62,1118.32,2,0,2,-8.28548436,116,0,69,0,349.5,11.7,0.645,-8.28548436,-8.28548436,125,18.4,0.645
0,59.5,59.5,453.23,2,0,2,-8.28548436,87,0,64,0,349.5,11.7,0.64,-8.28548436,-8.28548436,125,4.7,0.64
4,53.5,53.5,292,4.5,0.8185729,4.5,-8.28548436,13,0,55,0,349.5,11.7,0.61,-8.28548436,-8.28548436,125,9.9,0.61
0,60,60,576.07,2,0,2,-8.28548436,131,0,65,0,349.5,11.7,0.85,-8.28548436,-8.28548436,125,7.1,0.85
0,60.5,60.5,473.67,2,0,2,-8.28548436,132.7,0,66,0,349.5,11.7,0.7,-8.28548436,-8.28548436,125,2.4,0.7
0,62.5,62.5,1216.78,2,0,2,-8.28548436,149,0,70,0,349.5,11.7,0.75,-8.28548436,-8.28548436,125,19,0.75
4,50,50,695,6,0,6,-8.28548436,72,0,55,0,661.07,11.7,0.69,-8.28548436,-8.28548436,125,5.9,0.69
0,63,63,1576.68,2,0,2,-8.28548436,189,0,71,0,349.5,11.7,0.785,-8.28548436,-8.28548436,125,37.2,0.785
0,65,65,1381.25,2,0,2,-8.28548436,197,0,75,0,349.5,11.7,0.675,-8.28548436,-8.28548436,125,20.3,0.675
4,56,56,1495,4,0,4,-8.28548436,339,0,57,0,627.6,11.7,0.59,-8.28548436,-8.28548436,125,6.7,0.59
0,58.5,58.5,17.05,2,0,2,-8.28548436,84,0,62,0,393.3,11.7,0.595,-8.28548436,-8.28548436,125,0,0.595
1,59,59,230.4,2.5,0,2.5,-8.28548436,36,0,63,0,510.45,11.7,0.59,-8.28548436,-8.28548436,125,3,0.59
4,33,33,3,6.5,0,6.5,-8.28548436,131,0,55,0,349.5,11.7,0.65,-8.28548436,-8.28548436,125,1.8,0.65
4,51.5,51.5,1479,5.5,0,5.5,-8.28548436,28,0,55,0,737,11.7,0.595,-8.28548436,-8.28548436,125,5.5,0.595
0,65.5,65.5,1234,2,0,2,-8.28548436,199,0,76,0,349.5,11.7,1.07,-8.28548436,-8.28548436,125,18.1,1.07
4,49.5,49.5,317,6,0,6,-8.28548436,117,0,55,0,590.5,11.7,0.695,-8.28548436,-8.28548436,125,6.1,0.695
4,54.5,54.5,1648,4.5,0,4.5,-8.28548436,250,0,55,0,707.1,11.7,0.54,-8.28548436,-8.28548436,125,5.6,0.54
3,60,60,0,3,0.4830855,3,-8.22715557,0,0,60,0,563.58,13.8,0.63,-8.84851145,-8.22715557,136,0,0.63
0,62.5,62.5,1504.07,1.5,0,1.5,-8.22715557,453,0,65,0.55,563.58,13.8,0.89,-8.84851145,-8.22715557,136,12.5,0.89
0,65,65,2144.78,1.5,0,1.5,-8.22715557,471,0,70,0.265,563.58,13.8,0.79,-8.84851145,-8.22715557,136,24.4,0.79
3,55,55,157,4,0,4,-8.22715557,211,0,60,0.42,590.4,13.8,0.61,-8.84851145,-8.22715557,136,1.6,0.61
3,53.5,53.5,11,4.5,0,4.5,-8.22715557,429,0,60,0.42,690.1,13.8,0.635,-8.84851145,-8.22715557,136,0.9,0.635
0,61,61,910.95,1.5,0,1.5,-8.22715557,406,0,62,0.36,563.58,13.8,0.635,-8.84851145,-8.22715557,136,5.4,0.635
2,59.5,59.5,502,2.5,0.3703569,2.5,-8.22715557,203,0,60,0.12,563.58,11.5,0.65,-8.84851145,-8.22715557,132,1.8,0.65
3,58,58,132,3,5.73E-05,3,-8.22715557,103,0,60,0.02,567.77,13.8,0.625,-8.84851145,-8.22715557,134,0,0.625
3,56.5,56.5,309,4,0,4,-8.22715557,153,0,60,0.265,563.58,13.8,0.595,-8.84851145,-8.22715557,136,1.6,0.595
3,36,36,940,6,0,6,-8.22715557,468.6,0,60,0.255,563.58,13.8,0.825,-8.84851145,-8.22715557,136,4.9,0.825
3,52,52,611,5.5,0,5.5,-8.22715557,439,0,60,0.865,590.5,13.8,0.735,-8.84851145,-8.22715557,136,0.7,0.735
0,68,68,0,0,0,0,-1.51367083,0,0,68,0,127.6,23.4,0.72,-1.54227231,-1.51367083,160,0,0.72
0,66.5,66.5,311.93,0,0,0,-1.51367083,35.6,0,68,0,250.63,17,0.935,-1.54227231,-1.51367083,144,5.9,0.935
0,70.5,70.5,10.47,0,0,0,-1.51367083,26.1,0,73,0,290.8,16.6,0.63,-1.54227231,-1.51367083,141,1.7,0.63
0,67,67,414.33,0,0,0,-1.51367083,33.9,0,68,0,324.43,16.9,0.785,-1.54227231,-1.51367083,143,10.6,0.785
0,67.5,67.5,637,0,0,0,-1.51367083,256.6,0,68,0,297,8.1,0.585,-1.54227231,-1.51367083,112,13.5,0.585
0,77,77,378.6,0,0,0,-1.51367083,10.4,0,86,0,179,23.4,0.875,-1.54227231,-1.51367083,160,11.4,0.875
0,37.5,37.5,192,0,0,0,-1.51367083,23.4,0,68,0,154.67,23.4,0.86,-1.54227231,-1.51367083,160,2.5,0.86
0,69,69,328.78,0,0,0,-1.51367083,17.6,0,70,0,127.6,21.5,0.835,-1.54227231,-1.51367083,157,6,0.835
9,41.5,41.5,148,4.5,0,4.5,-1.51367083,14.4,0,68,0,313.8,23.4,0.93,-1.54227231,-1.51367083,160,19.6,0.93
3,63,63,845,1.5,1.6840372,1.5,-1.51367083,163.6,0,68,0,373.3,11.1,0.685,-1.54227231,-1.51367083,125,11.8,0.685
5,58.5,58.5,1257,2.5,0,2.5,-1.51367083,214.6,0,68,0,339.5,12,0.67,-1.54227231,-1.51367083,130,19.9,0.67
0,66,66,434.77,0,0,0,-1.51367083,79.6,0,68,0,300.5,11.8,0.725,-1.54227231,-1.51367083,126,8.3,0.725
4,61.5,61.5,888,2,2.1106628,2,-1.51367083,166.6,0,68,0,349.5,11.7,0.635,-1.54227231,-1.51367083,125,13,0.635
0,71,71,620.09,0,0,0,-1.51367083,33.4,0,74,0,256.06,19.6,0.67,-1.54227231,-1.51367083,134,5.1,0.67
9,47.5,47.5,663,4.5,0,4.5,-1.51367083,10.6,0,68,0,311.71,23.4,0.885,-1.54227231,-1.51367083,160,26.8,0.885
8,56.5,56.5,1583,4,0,4,-1.51367083,94.6,0,68,0,661.07,22.4,0.775,-1.54227231,-1.51367083,158,18.9,0.775
0,69.5,69.5,688.68,0,0,0,-1.51367083,22.4,0,71,0,127.6,23.4,0.87,-1.54227231,-1.51367083,152,24.2,0.87
0,71.5,71.5,493.25,0,0,0,-1.51367083,30.4,0,75,0,226.335,23.4,0.76,-1.54227231,-1.51367083,155,7.3,0.76
3,64,64,1816,1.5,0.4830855,1.5,-1.51367083,488.6,0,68,0,563.58,13.8,0.675,-1.54227231,-1.51367083,136,18.4,0.675
0,35.5,35.5,586.47,0,0,0,-1.51367083,42,0,68,0,127.6,23.4,1.115,-1.54227231,-1.51367083,160,57.2,1.115
9,40.5,40.5,270,4.5,0.0008051,4.5,-1.51367083,5.6,0,68,0,399.57,23.4,0.94,-1.54227231,-1.51367083,160,19.6,0.94
0,34.5,34.5,469.31,0,0,0,-1.51367083,34.4,0,68,0,147.1,21.6,0.74,-1.54227231,-1.51367083,152,21.2,0.74
5,60,60,596,2.5,0.8185729,2.5,-1.51367083,153.6,0,68,0,219.74,12.2,0.695,-1.54227231,-1.51367083,132,3.1,0.695
5,59,59,1973,2.5,0,2.5,-1.51367083,277.6,0,68,0,590.4,15.5,0.655,-1.54227231,-1.51367083,139,20,0.655
0,35,35,552.13,0,0,0,-1.51367083,39.4,0,68,0,127.6,23.4,0.87,-1.54227231,-1.51367083,160,46.2,0.87
6,57.5,57.5,1827,3,0,3,-1.51367083,59.6,0,68,0,690.1,18.1,0.68,-1.54227231,-1.51367083,143,17.5,0.68
0,43.5,43.5,371,0,0,0,-1.51367083,6.4,0,68,0,283.68,23.4,1.005,-1.54227231,-1.51367083,160,17.9,1.005
2,64.5,64.5,805,1,0.0645672,1,-1.51367083,163.6,0,68,0,377.5,10.8,0.705,-1.54227231,-1.51367083,126,11.4,0.705
4,62.5,62.5,2383,2,0,2,-1.51367083,505.6,0,68,0,627.6,13.8,0.675,-1.54227231,-1.51367083,135,19.7,0.675
0,65,65,905.05,0,0,0,-1.51367083,82.6,0,68,0,393.3,14.7,0.68,-1.54227231,-1.51367083,142,13,0.68
0,42.5,42.5,281,0,0,0,-1.51367083,5.6,0,68,0,332.63,23.4,0.925,-1.54227231,-1.51367083,160,19.4,0.925
1,65.5,65.5,1118.4,0.5,0,0.5,-1.51367083,130.6,0,68,0,510.45,15.1,0.675,-1.54227231,-1.51367083,139,16,0.675
5,61,61,2536,2.5,0,2.5,-1.51367083,416.6,0,68,0,707.1,14.7,0.625,-1.54227231,-1.51367083,137,18.6,0.625
2,63.5,63.5,1314,1,0.3703569,1,-1.51367083,285.6,0,68,0,495.39,11.5,0.695,-1.54227231,-1.51367083,132,16.6,0.695
3,62,62,1684,1.5,5.73E-05,1.5,-1.51367083,385.6,0,68,0,567.77,14,0.67,-1.54227231,-1.51367083,134,18.4,0.67
0,76.5,76.5,19.22,0,0,0,-1.51367083,22.6,0,85,0,127.6,23.4,0.74,-1.54227231,-1.51367083,155,13.8,0.74
9,39.5,39.5,891,4.5,0,4.5,-1.51367083,35.6,0,68,0,304.8,23.4,0.735,-1.54227231,-1.51367083,160,14.8,0.735
0,78.5,78.5,429,0,0,0,-1.51367083,24.4,0,89,0,127.6,23.4,0.61,-1.54227231,-1.51367083,118,20.2,0.61
0,73,73,764,0,0,0,-1.51367083,117.6,0,78,0,359,20,0.49,-1.54227231,-1.51367083,110,22.2,0.49
0,74,74,417.92,0,0,0,-1.51367083,5.6,0,80,0,290.37,23.4,0.715,-1.54227231,-1.51367083,155,2.8,0.715
0,38,38,127,0,0,0,-1.51367083,29.4,0,68,0,136.9,23.4,0.99,-1.54227231,-1.51367083,160,2.3,0.99
7,58,58,2367,3.5,0,3.5,-1.51367083,138.6,0,68,0,737,17.6,0.68,-1.54227231,-1.51367083,145,18.5,0.68
5,60.5,60.5,1507,2.5,0,2.5,-1.51367083,335.6,0,68,0,502,14.2,0.64,-1.54227231,-1.51367083,136,16.8,0.64
8,42,42,1100,4,0,4,-1.51367083,28.6,0,68,0,543.92,23.4,0.885,-1.54227231,-1.51367083,160,13.8,0.885
8,55.5,55.5,1018,4,0,4,-1.51367083,65.6,0,68,0,425.2,17.6,0.665,-1.54227231,-1.51367083,142,16.2,0.665
7,57,57,1260,3.5,0,3.5,-1.51367083,84.6,0,68,0,446.7,13.8,0.63,-1.54227231,-1.51367083,134,16.4,0.63
6,59.5,59.5,2772,3,0,3,-1.51367083,356.6,0,68,0,422.58,15.8,0.66,-1.54227231,-1.51367083,135,20.3,0.66
9,40,40,876,4.5,0,4.5,-1.51367083,20,0,68,0,393.3,23.4,0.87,-1.54227231,-1.51367083,160,13.5,0.87
0,68.5,68.5,230.32,0,0,0,-1.51367083,50.6,0,69,0,127.6,15.1,0.73,-1.54227231,-1.51367083,140,5.4,0.73
8,56,56,1205,4,0,4,-1.51367083,49.6,0,68,0,590.5,23.2,0.78,-1.54227231,-1.51367083,158,19.1,0.78
5,50,50,0,5,0,5,-10.84610777,0,0,50,0,590.4,15.5,0.59,-10.84610777,-10.84610777,139,0,0.59
0,57.5,57.5,1661.07,2.5,0,2.5,-10.84610777,242,0,65,0,590.4,15.5,0.87,-10.84610777,-10.84610777,139,14.1,0.87
0,68,68,2351.6,2.5,0,2.5,-10.84610777,288,0,86,0,590.4,15.5,0.81,-10.84610777,-10.84610777,139,8.6,0.81
0,60,60,2301.78,2.5,0,2.5,-10.84610777,260,0,70,0,590.4,15.5,0.77,-10.84610777,-10.84610777,139,26,0.77
3,54,54,1128,4,1.6840372,4,-10.84610777,114,0,58,0,590.4,11.1,0.62,-10.84610777,-10.84610777,125,8.2,0.62
5,49.5,49.5,716,5,0,5,-10.84610777,63,0,50,0,590.4,12,0.605,-10.84610777,-10.84610777,130,0.1,0.605
0,57,57,1538.23,2.5,0,2.5,-10.84610777,198,0,64,0,590.4,11.8,0.66,-10.84610777,-10.84610777,126,11.7,0.66
4,52.5,52.5,1085,4.5,2.1106628,4.5,-10.84610777,111,0,55,0,590.4,11.7,0.57,-10.84610777,-10.84610777,125,7,0.57
0,62,62,2593.09,2.5,0,2.5,-10.84610777,311,0,74,0,590.4,15.5,0.605,-10.84610777,-10.84610777,134,14.9,0.605
0,62.5,62.5,2466.25,2.5,0,2.5,-10.84610777,308,0,75,0,590.4,15.5,0.695,-10.84610777,-10.84610777,139,27.3,0.695
0,59,59,1973,2.5,0,2.5,-10.84610777,277.6,0,68,0,590.4,15.5,0.655,-10.84610777,-10.84610777,139,20,0.655
5,51,51,1377,5,0.8185729,5,-10.84610777,124,0,52,0,590.4,12.2,0.63,-10.84610777,-10.84610777,132,16.9,0.63
2,55.5,55.5,1168,3.5,0.0645672,3.5,-10.84610777,114,0,61,0,590.4,10.8,0.64,-10.84610777,-10.84610777,126,8.6,0.64
0,56,56,1067.95,2.5,0,2.5,-10.84610777,195,0,62,0,590.4,14.7,0.615,-10.84610777,-10.84610777,139,7,0.615
5,51.5,51.5,466,5,0,5,-10.84610777,58,0,53,0,590.4,14.2,0.575,-10.84610777,-10.84610777,136,3.2,0.575
5,50.5,50.5,799,5.5,0,5.5,-10.84610777,79,0,51,0,590.4,15.5,0.595,-10.84610777,-10.84610777,135,0.3,0.595
5,31,31,1097,7,0,7,-10.84610777,257.6,0,50,0,590.4,15.5,0.805,-10.84610777,-10.84610777,139,6.5,0.805
0,59.5,59.5,2203.32,2.5,0,2.5,-10.84610777,227,0,69,0,590.4,15.1,0.665,-10.84610777,-10.84610777,139,25.4,0.665
0,67,67,1806,2.5,0,2.5,-10.84610777,283,0,84,0,590.4,15.5,0.585,-10.84610777,-10.84610777,115,10.6,0.585
0,64.5,64.5,1684.6,2.5,0,2.5,-10.84610777,207,0,79,0,590.4,15.5,0.56,-10.84610777,-10.84610777,114,0.9,0.56
4,53.5,53.5,410,4.5,0,4.5,-10.84610777,228,0,57,0,627.6,13.8,0.61,-10.84610777,-10.84610777,135,0.3,0.61
0,66.5,66.5,2578.7,2.5,0,2.5,-10.84610777,317,0,83,0,590.4,15.5,0.38,-10.84610777,-10.84610777,102,122.2,0.38
0,65.5,65.5,2295.39,2.5,0,2.5,-10.84610777,302,0,81,0,590.4,15.5,0.89,-10.84610777,-10.84610777,139,24,0.89
1,56.5,56.5,854.6,3,0,3,-10.84610777,147,0,63,0,590.4,15.1,0.61,-10.84610777,-10.84610777,139,4,0.61
3,53,53,289,4,5.73E-05,4,-10.84610777,108,0,56,0,590.4,14,0.605,-10.84610777,-10.84610777,134,1.6,0.605
0,67.5,67.5,1992.22,2.5,0,2.5,-10.84610777,255,0,85,0,590.4,15.5,0.675,-10.84610777,-10.84610777,139,6.2,0.675
5,30.5,30.5,1082,7,0,7,-10.84610777,242,0,50,0,590.4,15.5,0.67,-10.84610777,-10.84610777,139,5.2,0.67
0,64,64,1209,2.5,0,2.5,-10.84610777,160,0,78,0,590.4,15.5,0.425,-10.84610777,-10.84610777,110,2.2,0.425
0,65,65,2390.92,2.5,0,2.5,-10.84610777,272,0,80,0,590.4,15.5,0.65,-10.84610777,-10.84610777,139,17.2,0.65
5,46.5,46.5,955,6.5,0,6.5,-10.84610777,212,0,50,0,590.4,15.5,0.6,-10.84610777,-10.84610777,139,3.8,0.6
0,63,63,2319,2.5,0,2.5,-10.84610777,310,0,76,0,590.4,15.5,1.09,-10.84610777,-10.84610777,139,25.1,1.09
5,47,47,768,6.5,0,6.5,-10.84610777,228,0,50,0,590.5,15.5,0.715,-10.84610777,-10.84610777,139,0.9,0.715
2,61,61,0,2,0.0645672,2,-5.43913904,0,0,61,0,377.5,10.8,0.69,-5.54632457,-5.43913904,126,0,0.69
0,63,63,493.07,1,0,1,-5.43913904,128,0,65,0.14,377.5,10.8,0.92,-5.54632457,-5.43913904,126,5.5,0.92
0,67,67,794.53,1,0,1,-5.43913904,137.5,0,73,0.43,377.5,10.8,0.615,-5.54632457,-5.43913904,126,9.7,0.615
0,63.5,63.5,390.67,1,0,1,-5.43913904,129.7,0,66,0.02,377.5,10.8,0.77,-5.54632457,-5.43913904,126,0.8,0.77
0,73.5,73.5,1183.6,1,0,1,-5.43913904,174,0,86,3.05,377.5,10.8,0.86,-5.54632457,-5.43913904,126,0,0.86
0,65.5,65.5,1133.78,1,0,1,-5.43913904,146,0,70,0.145,377.5,10.8,0.82,-5.54632457,-5.43913904,126,17.4,0.82
2,59.5,59.5,40,2.5,0.0645672,2.5,-5.43913904,0,0,61,0.185,377.5,10.8,0.67,-5.54632457,-5.43913904,125,0.4,0.67
2,55,55,452,3.5,0,3.5,-5.43913904,51,0,61,0.03,377.5,10.8,0.655,-5.54632457,-5.43913904,126,8.5,0.655
0,62.5,62.5,370.23,1,0,1,-5.43913904,84,0,64,0,377.5,10.8,0.71,-5.54632457,-5.43913904,126,3.1,0.71
2,58,58,83,3,0.0645672,3,-5.43913904,3,0,61,0.01,377.5,10.8,0.62,-5.54632457,-5.43913904,125,1.6,0.62
0,67.5,67.5,1425.09,1,0,1,-5.43913904,197,0,74,0.9275,377.5,10.8,0.655,-5.54632457,-5.43913904,126,6.3,0.655
0,70,70,516.6,1,0,1,-5.43913904,93,0,79,4.195,377.5,10.8,0.61,-5.54632457,-5.43913904,114,7.7,0.61
2,53,53,778,5,0,5,-5.43913904,69,0,61,0.34,661.07,10.8,0.76,-5.54632457,-5.43913904,126,7.5,0.76
0,66,66,1493.68,1,0,1,-5.43913904,186,0,71,2.917586207,377.5,10.8,0.855,-5.54632457,-5.43913904,126,35.6,0.855
0,68,68,1298.25,1,0,1,-5.43913904,194,0,75,0.16,377.5,10.8,0.745,-5.54632457,-5.43913904,126,18.7,0.745
2,60.5,60.5,1011,2.5,0.0645672,2.5,-5.43913904,325,0,61,0.41,563.58,10.8,0.66,-5.54632457,-5.43913904,126,7,0.66
0,64.5,64.5,805,1,0,1,-5.43913904,163.6,0,68,0.02,377.5,10.8,0.705,-5.54632457,-5.43913904,126,11.4,0.705
2,56.5,56.5,209,3.5,0.0645672,3.5,-5.43913904,10,0,61,0.012413793,377.5,10.8,0.68,-5.54632457,-5.43913904,126,8.3,0.68
2,55.5,55.5,1168,3.5,0,3.5,-5.43913904,114,0,61,0.01,590.4,10.8,0.64,-5.54632457,-5.43913904,126,8.6,0.64
2,54,54,1022,4,0,4,-5.43913904,104,0,61,0.01,690.1,10.8,0.665,-5.54632457,-5.43913904,126,6.1,0.665
2,59,59,1578,3,0,3,-5.43913904,342,0,61,0.48,627.6,10.8,0.66,-5.54632457,-5.43913904,126,8.3,0.66
0,71,71,1127.39,1,0,1,-5.43913904,188,0,81,0.2,377.5,10.8,0.94,-5.54632457,-5.43913904,126,15.4,0.94
0,61.5,61.5,100.05,1,0,1,-5.43913904,81,0,62,0.05,393.3,10.8,0.665,-5.54632457,-5.43913904,126,1.6,0.665
1,62,62,313.4,1.5,0,1.5,-5.43913904,33,0,63,0.04,510.45,10.8,0.66,-5.54632457,-5.43913904,126,4.6,0.66
2,57.5,57.5,1731,3.5,0,3.5,-5.43913904,253,0,61,0.135,707.1,10.8,0.61,-5.54632457,-5.43913904,126,7.2,0.61
2,60,60,509,2,0.0645672,2,-5.43913904,122,0,61,0.29,495.39,10.8,0.68,-5.54632457,-5.43913904,126,5.2,0.68
2,58.5,58.5,879,2.5,5.73E-05,2.5,-5.43913904,222,0,61,0.39,567.77,10.8,0.655,-5.54632457,-5.43913904,126,7,0.655
0,74.5,74.5,1339.64,1,0,1,-5.43913904,189,0,88,10.176875,377.5,10.8,0.49,-5.54632457,-5.43913904,103,56.6,0.49
0,73,73,824.22,1,0,1,-5.43913904,141,0,85,4.48,377.5,10.8,0.725,-5.54632457,-5.43913904,126,2.4,0.725
2,36,36,86,5.5,0,5.5,-5.43913904,128,0,61,0.045,377.5,10.8,0.72,-5.54632457,-5.43913904,126,3.4,0.72
0,69.5,69.5,41,1,0,1,-5.43913904,46,0,78,5.84,377.5,10.8,0.475,-5.54632457,-5.43913904,110,10.8,0.475
0,70.5,70.5,1222.92,1,0,1,-5.43913904,158,0,80,8.065,377.5,10.8,0.7,-5.54632457,-5.43913904,126,8.6,0.7
2,54.5,54.5,1562,4.5,0,4.5,-5.43913904,25,0,61,0.01,737,10.8,0.665,-5.54632457,-5.43913904,126,7.1,0.665
2,57,57,702,3.5,0,3.5,-5.43913904,172,0,61,0.145,502,10.8,0.625,-5.54632457,-5.43913904,126,5.4,0.625
2,52,52,213,5,0,5,-5.43913904,98,0,61,0.14,425.2,10.8,0.65,-5.54632457,-5.43913904,126,4.8,0.65
0,68.5,68.5,1151,1,0,1,-5.43913904,196,0,76,0.67,377.5,10.8,1.14,-5.54632457,-5.43913904,126,16.5,1.14
2,53.5,53.5,455,4.5,0,4.5,-5.43913904,79,0,61,0.01,446.7,10.8,0.615,-5.54632457,-5.43913904,126,5,0.615
2,56,56,1967,4,0,4,-5.43913904,193,0,61,0.01,422.58,10.8,0.645,-5.54632457,-5.43913904,126,8.9,0.645
0,65,65,1035.32,1,0,1,-5.43913904,113,0,69,0.19,377.5,10.8,0.715,-5.54632457,-5.43913904,126,16.8,0.715
2,52.5,52.5,400,5,0,5,-5.43913904,114,0,61,0.455,590.5,10.8,0.765,-5.54632457,-5.43913904,126,7.7,0.765
0,81,81,0,0,0,0,-3.58277457,0,0,81,0,177.9,30.3,1.19,-3.62902961,-3.58277457,174,0,1.19
0,73,73,634.32,0,0,0,-3.58277457,60,4,81,0,250.63,17,1.17,-3.62902961,-3.58277457,144,9.9,1.17
0,75.5,75.5,6.39,0,0,0,-3.58277457,42,4,81,0,177.9,21.5,1.07,-3.62902961,-3.58277457,157,2,1.07
5,65.5,65.5,2295.39,2.5,0,2.5,-3.58277457,302,4,81,0,590.4,15.5,0.89,-3.62902961,-3.58277457,139,24,0.89
6,64,64,2149.39,3,0,3,-3.58277457,84,4,81,0,690.1,18.1,0.915,-3.62902961,-3.58277457,143,21.5,0.915
0,71.5,71.5,1227.44,0,0,0,-3.58277457,107,4,81,0,393.3,14.7,0.915,-3.62902961,-3.58277457,142,17,0.915
9,46.5,46.5,1198.39,4.5,0,4.5,-3.58277457,44.4,4,81,0,393.3,30.3,1.105,-3.62902961,-3.58277457,174,17.5,1.105
8,62.5,62.5,1527.39,4,0,4,-3.58277457,74,4,81,0,590.5,23.2,1.015,-3.62902961,-3.58277457,158,23.1,1.015
0,62,62,0,0,0,0,-5.0910129,0,0,62,0,393.3,14.7,0.64,-5.13777457,-5.0910129,142,0,0.64
0,63.5,63.5,593.12,0,0,0,-5.0910129,47,0,65,0.19,393.3,14.7,0.895,-5.13777457,-5.0910129,142,7.1,0.895
0,64,64,490.72,0,0,0,-5.0910129,48.7,0,66,0.03,393.3,14.7,0.745,-5.13777457,-5.0910129,142,2.4,0.745
0,66,66,1233.83,0,0,0,-5.0910129,65,0,70,0.095,393.3,14.7,0.795,-5.13777457,-5.0910129,142,19,0.795
3,60,60,60.05,1.5,1.6840372,1.5,-5.0910129,81,0,62,0.135,393.3,11.1,0.645,-5.13777457,-5.0910129,125,1.2,0.645
5,55.5,55.5,351.95,2.5,0,2.5,-5.0910129,132,0,62,0.08,393.3,12,0.63,-5.13777457,-5.0910129,130,6.9,0.63
0,63,63,470.28,0,0,0,-5.0910129,3,0,64,0.05,393.3,11.8,0.685,-5.13777457,-5.0910129,126,4.7,0.685
4,58.5,58.5,17.05,2,2.1106628,2,-5.0910129,84,0,62,0.06,393.3,11.7,0.595,-5.13777457,-5.0910129,125,0,0.595
8,53.5,53.5,677.95,4,0,4,-5.0910129,12,0,62,0.39,661.07,14.7,0.735,-5.13777457,-5.0910129,142,5.9,0.735
0,66.5,66.5,1593.73,0,0,0,-5.0910129,105,0,71,2.967586207,393.3,14.7,0.83,-5.13777457,-5.0910129,142,37.2,0.83
3,61,61,910.95,1.5,0.4830855,1.5,-5.0910129,406,0,62,0.36,563.58,13.8,0.635,-5.13777457,-5.0910129,136,5.4,0.635
9,37.5,37.5,635.05,4.5,0.0008051,4.5,-5.0910129,77,0,62,0.5125,399.57,14.7,0.9,-5.13777457,-5.0910129,142,6.6,0.9
5,57,57,309.05,2.5,0.8185729,2.5,-5.0910129,71,0,62,0.037586207,393.3,12.2,0.655,-5.13777457,-5.0910129,132,9.9,0.655
5,56,56,1067.95,2.5,0,2.5,-5.0910129,195,0,62,0.06,590.4,14.7,0.615,-5.13777457,-5.0910129,139,7,0.615
6,54.5,54.5,921.95,3,0,3,-5.0910129,23,0,62,0.06,690.1,14.7,0.64,-5.13777457,-5.0910129,142,4.5,0.64
2,61.5,61.5,100.05,1,0.0645672,1,-5.0910129,81,0,62,0.05,393.3,10.8,0.665,-5.13777457,-5.0910129,126,1.6,0.665
4,59.5,59.5,1477.95,2,0,2,-5.0910129,423,0,62,0.43,627.6,13.8,0.635,-5.13777457,-5.0910129,135,6.7,0.635
1,62.5,62.5,213.35,0.5,0,0.5,-5.0910129,48,0,63,0.01,510.45,14.7,0.635,-5.13777457,-5.0910129,139,3,0.635
5,58,58,1630.95,2.5,0,2.5,-5.0910129,334,0,62,0.085,707.1,14.7,0.585,-5.13777457,-5.0910129,137,5.6,0.585
2,60.5,60.5,408.95,1,0.3703569,1,-5.0910129,203,0,62,0.24,495.39,11.5,0.655,-5.13777457,-5.0910129,132,3.6,0.655
3,59,59,778.95,1.5,5.73E-05,1.5,-5.0910129,303,0,62,0.34,567.77,14,0.63,-5.13777457,-5.0910129,134,5.4,0.63
9,36.5,36.5,14.05,4.5,0,4.5,-5.0910129,47,0,62,0.095,393.3,14.7,0.695,-5.13777457,-5.0910129,142,1.8,0.695
7,55,55,1461.95,3.5,0,3.5,-5.0910129,56,0,62,0.06,737,14.7,0.64,-5.13777457,-5.0910129,142,5.5,0.64
5,57.5,57.5,601.95,2.5,0,2.5,-5.0910129,253,0,62,0.095,502,14.2,0.6,-5.13777457,-5.0910129,136,3.8,0.6
8,52.5,52.5,112.95,4,0,4,-5.0910129,17,0,62,0.09,425.2,14.7,0.625,-5.13777457,-5.0910129,142,3.2,0.625
7,54,54,354.95,3.5,0,3.5,-5.0910129,2,0,62,0.06,446.7,13.8,0.59,-5.13777457,-5.0910129,134,3.4,0.59
6,56.5,56.5,1866.95,3,0,3,-5.0910129,274,0,62,0.06,422.58,14.7,0.62,-5.13777457,-5.0910129,135,7.3,0.62
9,37,37,29.05,4.5,0,4.5,-5.0910129,62.6,0,62,0.105,393.3,14.7,0.83,-5.13777457,-5.0910129,142,0.5,0.83
0,65.5,65.5,1135.37,0,0,0,-5.0910129,32,0,69,0.14,393.3,14.7,0.69,-5.13777457,-5.0910129,140,18.4,0.69
8,53,53,299.95,4,0,4,-5.0910129,33,0,62,0.505,590.5,14.7,0.74,-5.13777457,-5.0910129,142,6.1,0.74
1,63,63,0,1,0,1,-5.92513799,0,0,63,0,510.45,15.1,0.63,-6.02850968,-5.92513799,139,0,0.63
0,64,64,806.47,0.5,0,0.5,-5.92513799,95,0,65,0.18,510.45,15.1,0.89,-6.02850968,-5.92513799,139,10.1,0.89
0,64.5,64.5,704.07,0.5,0,0.5,-5.92513799,96.7,0,66,0.02,510.45,15.1,0.74,-6.02850968,-5.92513799,139,5.4,0.74
0,66.5,66.5,1447.18,0.5,0,0.5,-5.92513799,113,0,70,0.105,510.45,15.1,0.79,-6.02850968,-5.92513799,139,22,0.79
1,60.5,60.5,273.4,2,1.6840372,2,-5.92513799,33,0,63,0.145,510.45,11.1,0.64,-6.02850968,-5.92513799,125,4.2,0.64
1,56,56,138.6,3,0,3,-5.92513799,84,0,63,0.07,510.45,12,0.625,-6.02850968,-5.92513799,130,3.9,0.625
0,63.5,63.5,683.63,0.5,0,0.5,-5.92513799,51,0,64,0.04,510.45,11.8,0.68,-6.02850968,-5.92513799,126,7.7,0.68
1,59,59,230.4,2.5,2.1106628,2.5,-5.92513799,36,0,63,0.05,510.45,11.7,0.59,-6.02850968,-5.92513799,125,3,0.59
1,54,54,464.6,4.5,0,4.5,-5.92513799,36,0,63,0.38,661.07,15.1,0.73,-6.02850968,-5.92513799,139,2.9,0.73
0,67,67,1807.08,0.5,0,0.5,-5.92513799,153,0,71,2.957586207,510.45,15.1,0.825,-6.02850968,-5.92513799,139,40.2,0.825
1,61.5,61.5,697.6,2,0.4830855,2,-5.92513799,358,0,63,0.37,563.58,13.8,0.63,-6.02850968,-5.92513799,136,2.4,0.63
1,38,38,848.4,5,0.0008051,5,-5.92513799,125,0,63,0.5225,510.45,15.1,0.895,-6.02850968,-5.92513799,139,3.6,0.895
1,57.5,57.5,522.4,3,0.8185729,3,-5.92513799,23,0,63,0.027586207,510.45,12.2,0.65,-6.02850968,-5.92513799,132,12.9,0.65
1,56.5,56.5,854.6,3,0,3,-5.92513799,147,0,63,0.05,590.4,15.1,0.61,-6.02850968,-5.92513799,139,4,0.61
1,55,55,708.6,3.5,0,3.5,-5.92513799,71,0,63,0.05,690.1,15.1,0.635,-6.02850968,-5.92513799,139,1.5,0.635
1,62,62,313.4,1.5,0.0645672,1.5,-5.92513799,33,0,63,0.04,510.45,10.8,0.66,-6.02850968,-5.92513799,126,4.6,0.66
1,60,60,1264.6,2.5,0,2.5,-5.92513799,375,0,63,0.44,627.6,13.8,0.63,-6.02850968,-5.92513799,135,3.7,0.63
0,62.5,62.5,213.35,0.5,0,0.5,-5.92513799,48,0,63,0.01,510.45,14.7,0.635,-6.02850968,-5.92513799,139,3,0.635
1,58.5,58.5,1417.6,3,0,3,-5.92513799,286,0,63,0.095,707.1,14.7,0.58,-6.02850968,-5.92513799,137,2.6,0.58
1,61,61,195.6,1.5,0.3703569,1.5,-5.92513799,155,0,63,0.25,510.45,11.5,0.65,-6.02850968,-5.92513799,132,0.6,0.65
1,59.5,59.5,565.6,2,5.73E-05,2,-5.92513799,255,0,63,0.35,567.77,14,0.625,-6.02850968,-5.92513799,134,2.4,0.625
1,37,37,227.4,5,0,5,-5.92513799,95,0,63,0.085,510.45,15.1,0.69,-6.02850968,-5.92513799,139,1.2,0.69
1,55.5,55.5,1248.6,4,0,4,-5.92513799,8,0,63,0.05,737,15.1,0.635,-6.02850968,-5.92513799,139,2.5,0.635
1,58,58,388.6,3,0,3,-5.92513799,205,0,63,0.105,510.45,14.2,0.595,-6.02850968,-5.92513799,136,0.8,0.595
1,53,53,100.4,4.5,0,4.5,-5.92513799,65,0,63,0.1,510.45,15.1,0.62,-6.02850968,-5.92513799,139,0.2,0.62
1,54.5,54.5,141.6,4,0,4,-5.92513799,46,0,63,0.05,510.45,13.8,0.585,-6.02850968,-5.92513799,134,0.4,0.585
1,57,57,1653.6,3.5,0,3.5,-5.92513799,226,0,63,0.05,510.45,15.1,0.615,-6.02850968,-5.92513799,135,4.3,0.615
1,37.5,37.5,242.4,5,0,5,-5.92513799,110.6,0,63,0.115,510.45,15.1,0.825,-6.02850968,-5.92513799,139,2.5,0.825
0,66,66,1348.72,0.5,0,0.5,-5.92513799,80,0,69,0.15,510.45,15.1,0.685,-6.02850968,-5.92513799,139,21.4,0.685
1,53.5,53.5,86.6,4.5,0,4.5,-5.92513799,81,0,63,0.495,590.5,15.1,0.735,-6.02850968,-5.92513799,139,3.1,0.735
6,51,51,0,6,0,6,-12.95880062,0,0,51,0,422.58,15.8,0.6,-12.95880062,-12.95880062,135,0,0.6
0,58,58,2460.07,3,0,3,-12.95880062,321,0,65,0,422.58,15.8,0.875,-12.95880062,-12.95880062,135,14.4,0.875
0,62,62,2761.53,3,0,3,-12.95880062,330.5,0,73,0,422.58,15.8,0.57,-12.95880062,-12.95880062,135,18.6,0.57
0,67.5,67.5,2605,3,0,3,-12.95880062,362,0,84,0,422.58,15.8,0.59,-12.95880062,-12.95880062,115,10.9,0.59
0,58.5,58.5,2357.67,3,0,3,-12.95880062,322.7,0,66,0,422.58,15.8,0.725,-12.95880062,-12.95880062,135,9.7,0.725
0,29,29,2580,3,0,3,-12.95880062,380,0,51,0,422.58,15.8,0.8,-12.95880062,-12.95880062,135,17.8,0.8
0,60.5,60.5,3100.78,3,0,3,-12.95880062,339,0,70,0,422.58,15.8,0.775,-12.95880062,-12.95880062,135,26.3,0.775
3,54.5,54.5,1927,4.5,1.6840372,4.5,-12.95880062,193,0,58,0,422.58,11.1,0.625,-12.95880062,-12.95880062,125,8.5,0.625
5,50,50,1515,5.5,0,5.5,-12.95880062,142,0,51,0,422.58,12,0.61,-12.95880062,-12.95880062,130,0.4,0.61
0,57.5,57.5,2337.23,3,0,3,-12.95880062,277,0,64,0,422.58,11.8,0.665,-12.95880062,-12.95880062,126,12,0.665
4,53,53,1884,5,2.1106628,5,-12.95880062,190,0,55,0,422.58,11.7,0.575,-12.95880062,-12.95880062,125,7.3,0.575
0,62.5,62.5,3392.09,3,0,3,-12.95880062,390,0,74,0,422.58,15.8,0.61,-12.95880062,-12.95880062,134,15.2,0.61
0,65,65,2483.6,3,0,3,-12.95880062,286,0,79,0,422.58,15.8,0.565,-12.95880062,-12.95880062,114,1.2,0.565
6,48,48,1189,7,0,7,-12.95880062,262,0,51,0,661.07,15.8,0.715,-12.95880062,-12.95880062,135,1.4,0.715
0,61,61,3460.68,3,0,3,-12.95880062,379,0,71,0,422.58,15.8,0.81,-12.95880062,-12.95880062,135,44.5,0.81
0,63,63,3265.25,3,0,3,-12.95880062,387,0,75,0,422.58,15.8,0.7,-12.95880062,-12.95880062,135,27.6,0.7
0,59.5,59.5,2772,3,0,3,-12.95880062,356.6,0,68,0,422.58,15.8,0.66,-12.95880062,-12.95880062,135,20.3,0.66
5,51.5,51.5,2176,5.5,0.8185729,5.5,-12.95880062,203,0,52,0,422.58,12.2,0.635,-12.95880062,-12.95880062,132,17.2,0.635
5,50.5,50.5,799,5.5,0,5.5,-12.95880062,79,0,51,0,590.4,15.5,0.595,-12.95880062,-12.95880062,135,0.3,0.595
2,56,56,1967,4,0.0645672,4,-12.95880062,193,0,61,0,422.58,10.8,0.645,-12.95880062,-12.95880062,126,8.9,0.645
0,67,67,3377.7,3,0,3,-12.95880062,396,0,83,0,422.58,15.8,0.385,-12.95880062,-12.95880062,102,122.5,0.385
0,56.5,56.5,1866.95,3,0,3,-12.95880062,274,0,62,0,422.58,14.7,0.62,-12.95880062,-12.95880062,135,7.3,0.62
1,57,57,1653.6,3.5,0,3.5,-12.95880062,226,0,63,0,510.45,15.1,0.615,-12.95880062,-12.95880062,135,4.3,0.615
2,55,55,1458,4,0.3703569,4,-12.95880062,71,0,59,0,495.39,11.5,0.635,-12.95880062,-12.95880062,132,3.7,0.635
3,53.5,53.5,1088,4.5,5.73E-05,4.5,-12.95880062,29,0,56,0,567.77,14,0.61,-12.95880062,-12.95880062,134,1.9,0.61
6,31,31,1881,7.5,0,7.5,-12.95880062,321,0,51,0,422.58,15.8,0.675,-12.95880062,-12.95880062,135,5.5,0.675
0,64.5,64.5,2008,3,0,3,-12.95880062,239,0,78,0,422.58,15.8,0.43,-12.95880062,-12.95880062,110,1.9,0.43
0,29.5,29.5,2645,3,0,3,-12.95880062,386,0,51,0,422.58,15.8,0.93,-12.95880062,-12.95880062,135,18,0.93
0,63.5,63.5,3118,3,0,3,-12.95880062,389,0,76,0,422.58,15.8,1.095,-12.95880062,-12.95880062,135,25.4,1.095
6,48.5,48.5,1512,6.5,0,6.5,-12.95880062,272,0,51,0,446.7,13.8,0.57,-12.95880062,-12.95880062,134,3.9,0.57
6,31.5,31.5,1896,7.5,0,7.5,-12.95880062,336.6,0,51,0,422.58,15.8,0.81,-12.95880062,-12.95880062,135,6.8,0.81
0,60,60,3002.32,3,0,3,-12.95880062,306,0,69,0,422.58,15.1,0.67,-12.95880062,-12.95880062,135,25.7,0.67
6,47.5,47.5,1567,7,0,7,-12.95880062,307,0,51,0,590.5,15.8,0.72,-12.95880062,-12.95880062,135,1.2,0.72
8,44,44,0,8,0,8,-8.46727487,0,0,44,0,590.5,23.2,0.84,-8.545958555,-8.46727487,158,0,0.84
5,46.5,46.5,52,6.5,0,6.5,-8.46727487,165,0,49,0,590.5,12,0.73,-8.545958555,-8.46727487,130,0.8,0.73
0,54,54,770.23,4,0,4,-8.46727487,30,0,64,0,590.5,11.8,0.785,-8.545958555,-8.46727487,126,10.8,0.785
7,45,45,55,7.5,0,7.5,-8.46727487,35,0,46,0,590.5,13.8,0.69,-8.545958555,-8.46727487,134,2.7,0.69
0,56.5,56.5,1435.32,4,0,4,-8.46727487,1,0,69,0,590.5,15.1,0.79,-8.545958555,-8.46727487,140,24.5,0.79
5,47,47,768,6.5,0,6.5,-8.46727487,228,0,50,0,590.5,15.5,0.715,-8.545958555,-8.46727487,139,0.9,0.715
6,47.5,47.5,1567,7,0,7,-8.46727487,307,0,51,0,590.5,15.8,0.72,-8.545958555,-8.46727487,135,1.2,0.72
0,58.5,58.5,1194.53,4,0,4,-8.46727487,23.5,0,73,0,590.5,16.6,0.69,-8.545958555,-8.46727487,141,17.4,0.69
0,55,55,790.67,4,0,4,-8.46727487,15.7,0,66,0,590.5,16.9,0.845,-8.545958555,-8.46727487,143,8.5,0.845
0,54.5,54.5,893.07,4,0,4,-8.46727487,14,0,65,0,590.5,17,0.995,-8.545958555,-8.46727487,144,13.2,0.995
6,45.5,45.5,622,7,0,7,-8.46727487,10,0,47,0,690.1,18.1,0.74,-8.545958555,-8.46727487,143,1.6,0.74
7,46,46,1162,7.5,0,7.5,-8.46727487,89,0,48,0,737,17.6,0.74,-8.545958555,-8.46727487,145,0.6,0.74
8,43.5,43.5,187,8,0,8,-8.46727487,16,0,44,0,590.5,17.6,0.725,-8.545958555,-8.46727487,142,2.9,0.725
8,44.5,44.5,378,8,0,8,-8.46727487,45,0,45,0,661.07,22.4,0.835,-8.545958555,-8.46727487,158,0.2,0.835
0,62,62,1622.92,4,0,4,-8.46727487,44,0,80,0,590.5,23.2,0.775,-8.545958555,-8.46727487,155,16.3,0.775